Product Name,(All),,,,,
,,,,,,
Row Labels,Sum of Sales,Sum of Quantity,Count of Order ID,Percentage of Sales,Sum of Profit,Percentage Of Profit
AA-10315,5563.56,30,11,0.24%,-362.8825,-0.13%
AA-10375,1056.39,41,15,0.05%,277.3824,0.10%
AA-10480,1790.512,36,12,0.08%,435.8274,0.15%
AA-10645,5086.935,64,18,0.22%,857.8033,0.30%
AB-10015,886.156,13,6,0.04%,129.3465,0.05%
AB-10060,7755.62,56,18,0.34%,2054.5885,0.72%
AB-10105,14473.571,73,20,0.63%,5444.8055,1.90%
AB-10150,966.71,37,12,0.04%,313.6597,0.11%
AB-10165,1113.838,48,14,0.05%,220.813,0.08%
AB-10255,914.532,39,14,0.04%,264.5675,0.09%
AB-10600,1515.862,38,8,0.07%,-274.9604,-0.10%
AC-10420,925.8,17,5,0.04%,-62.1342,-0.02%
AC-10450,5527.846,43,9,0.24%,1366.0098,0.48%
AC-10615,2537.686,59,18,0.11%,298.8273,0.10%
AC-10660,657.316,16,6,0.03%,-28.7004,-0.01%
AD-10180,6106.88,40,12,0.27%,1869.9294,0.65%
AF-10870,2052.908,51,16,0.09%,317.9712,0.11%
AF-10885,861.565,37,7,0.04%,-163.1175,-0.06%
AG-10270,2582.898,58,14,0.11%,732.7399,0.26%
AG-10300,367.548,16,5,0.02%,59.2884,0.02%
AG-10330,660.972,47,9,0.03%,-5.1371,0.00%
AG-10390,200.945,33,8,0.01%,69.2784,0.02%
AG-10495,2356.855,93,21,0.10%,295.6668,0.10%
AG-10525,1455.038,33,9,0.06%,-152.7613,-0.05%
AG-10675,3489.0396,54,15,0.15%,-246.4257,-0.09%
AG-10765,170.584,20,5,0.01%,-8.431,0.00%
AG-10900,4510.797,92,21,0.20%,343.6824,0.12%
AH-10030,1744.7,54,11,0.08%,365.2152,0.13%
AH-10075,3250.337,75,20,0.14%,281.189,0.10%
AH-10120,1735.514,65,16,0.08%,-2.3146,0.00%
AH-10195,1587.452,28,8,0.07%,-378.5509,-0.13%
AH-10210,4805.344,53,13,0.21%,1308.5546,0.46%
AH-10465,2495.3916,35,8,0.11%,-196.1201,-0.07%
AH-10585,738.504,17,5,0.03%,83.963,0.03%
AH-10690,7888.294,102,23,0.34%,1298.0166,0.45%
AI-10855,4375.786,72,18,0.19%,867.7271,0.30%
AJ-10780,4867.344,62,15,0.21%,150.713,0.05%
AJ-10795,4501.391,88,21,0.20%,1158.7064,0.40%
AJ-10945,1839.24,40,10,0.08%,521.1352,0.18%
AJ-10960,629.248,22,5,0.03%,60.4265,0.02%
AM-10360,814.012,48,12,0.04%,194.9878,0.07%
AM-10705,5664.022,81,22,0.25%,1085.7326,0.38%
AO-10810,161.28,2,1,0.01%,12.096,0.00%
AP-10720,1638.554,85,19,0.07%,285.7888,0.10%
AP-10915,3323.556,102,31,0.14%,579.3113,0.20%
AR-10345,1055.694,18,5,0.05%,-221.0544,-0.08%
AR-10405,2236.128,29,7,0.10%,-98.7646,-0.03%
AR-10510,264.864,33,7,0.01%,43.6695,0.02%
AR-10540,6608.448,33,9,0.29%,2884.6208,1.01%
AR-10570,88.15,6,2,0.00%,32.633,0.01%
AR-10825,4523.336,54,13,0.20%,494.8352,0.17%
AS-10045,3050.692,48,10,0.13%,-253.5746,-0.09%
AS-10090,3255.31,81,25,0.14%,64.5374,0.02%
AS-10135,58.82,9,3,0.00%,21.8496,0.01%
AS-10225,4260.784,41,13,0.19%,719.7751,0.25%
AS-10240,584.608,39,13,0.03%,33.7158,0.01%
AS-10285,3214.236,39,8,0.14%,354.6276,0.12%
AS-10630,833.398,34,12,0.04%,136.4919,0.05%
AT-10435,1171.814,28,9,0.05%,100.8768,0.04%
AT-10735,3831.864,60,16,0.17%,974.107,0.34%
AW-10840,649.376,24,8,0.03%,65.7725,0.02%
AW-10930,2852.968,68,16,0.12%,-104.5486,-0.04%
AY-10555,497.014,34,10,0.02%,103.3499,0.04%
AZ-10750,1622.018,40,12,0.07%,154.9503,0.05%
BB-10990,744.34,26,8,0.03%,11.5839,0.00%
BB-11545,6765.728,83,20,0.29%,1015.075,0.35%
BC-11125,2933.676,60,18,0.13%,251.5974,0.09%
BD-11320,5718.521,75,19,0.25%,1094.5037,0.38%
BD-11500,4411.243,49,10,0.19%,1142.1225,0.40%
BD-11560,320.54,11,4,0.01%,116.714,0.04%
BD-11605,3288.471,74,20,0.14%,634.8463,0.22%
BD-11620,1538.11,27,8,0.07%,206.7569,0.07%
BD-11635,582.646,19,5,0.03%,141.534,0.05%
BD-11725,1526.5,29,10,0.07%,333.9791,0.12%
BD-11770,658.466,21,10,0.03%,141.265,0.05%
BE-11335,4204.676,35,9,0.18%,1487.7739,0.52%
BE-11410,2261.438,19,5,0.10%,755.9151,0.26%
BE-11455,1727.652,40,13,0.08%,139.2008,0.05%
BF-10975,599.798,38,13,0.03%,227.4384,0.08%
BF-11005,1333.88,26,10,0.06%,-291.3811,-0.10%
BF-11020,2888.506,78,21,0.13%,302.02,0.11%
BF-11080,272.95,29,6,0.01%,110.9272,0.04%
BF-11170,5907.972,102,27,0.26%,1538.2127,0.54%
BF-11215,1585.162,48,8,0.07%,523.2133,0.18%
BF-11275,791.99,11,4,0.03%,25.8702,0.01%
BG-11035,2798.948,35,12,0.12%,-711.4274,-0.25%
BG-11695,1874.172,24,8,0.08%,107.5715,0.04%
BG-11740,1006.356,22,7,0.04%,119.3479,0.04%
BH-11710,6255.351,97,24,0.27%,802.7898,0.28%
BK-11260,659.138,58,16,0.03%,-63.7644,-0.02%
BM-11140,11789.63,64,16,0.51%,-1659.9581,-0.58%
BM-11575,808.162,22,10,0.04%,95.5816,0.03%
BM-11650,7294.185,95,29,0.32%,2199.2781,0.77%
BM-11785,1338.842,44,14,0.06%,137.7439,0.05%
BN-11470,265.296,15,6,0.01%,36.6131,0.01%
BN-11515,1459.344,79,17,0.06%,340.7054,0.12%
BO-11350,2682.728,43,12,0.12%,278.777,0.10%
BO-11425,130.83,7,2,0.01%,59.4522,0.02%
BP-11050,983.42,30,7,0.04%,209.783,0.07%
BP-11095,2442.044,70,20,0.11%,433.9751,0.15%
BP-11155,1697.861,32,11,0.07%,647.3847,0.23%
BP-11185,3675.861,69,18,0.16%,363.5991,0.13%
BP-11230,1181.49,14,6,0.05%,-197.2695,-0.07%
BP-11290,2475.157,51,16,0.11%,-319.0637,-0.11%
BS-11365,10501.653,39,9,0.46%,2616.0644,0.91%
BS-11380,3887.834,58,13,0.17%,-17.5322,-0.01%
BS-11590,2454.928,41,10,0.11%,381.7807,0.13%
BS-11665,3288.11,47,11,0.14%,238.7368,0.08%
BS-11755,2562.382,45,14,0.11%,-113.2984,-0.04%
BS-11800,949.43,22,8,0.04%,194.0516,0.07%
BT-11305,2567.656,33,9,0.11%,417.5918,0.15%
BT-11395,2186.613,38,10,0.10%,257.9163,0.09%
BT-11440,603.876,16,7,0.03%,-77.5256,-0.03%
BT-11485,415.196,11,3,0.02%,126.8694,0.04%
BT-11530,2684.492,44,10,0.12%,409.4983,0.14%
BT-11680,3196.752,88,20,0.14%,447.7484,0.16%
BV-11245,1523.273,49,14,0.07%,315.2214,0.11%
BW-11065,385.516,8,3,0.02%,-58.2866,-0.02%
BW-11110,4750.358,74,17,0.21%,921.2574,0.32%
BW-11200,1738.406,49,10,0.08%,246.9973,0.09%
CA-11965,3789.7228,29,10,0.16%,1143.3817,0.40%
CA-12055,1679.724,49,10,0.07%,211.2559,0.07%
CA-12265,2648.2872,65,17,0.12%,279.6183,0.10%
CA-12310,1421.954,25,11,0.06%,246.0218,0.09%
CA-12775,3041.566,72,17,0.13%,204.4895,0.07%
CB-12025,6076.139,122,26,0.26%,150.2089,0.05%
CB-12415,1949.2,44,12,0.08%,272.3883,0.10%
CB-12535,4246.4555,74,19,0.18%,1049.5601,0.37%
CC-12100,1770.945,46,13,0.08%,208.5912,0.07%
CC-12145,2471.65,31,11,0.11%,392.2825,0.14%
CC-12220,3913.418,81,22,0.17%,393.9618,0.14%
CC-12370,12129.072,34,11,0.53%,2177.0493,0.76%
CC-12430,2870.05,63,19,0.12%,424.6583,0.15%
CC-12475,1659.438,40,13,0.07%,154.851,0.05%
CC-12550,113.832,14,4,0.00%,33.8706,0.01%
CC-12610,2540.631,39,12,0.11%,331.434,0.12%
CC-12670,2269.7015,47,14,0.10%,187.8399,0.07%
CC-12685,2854.115,51,12,0.12%,850.1591,0.30%
CD-11920,2033.968,35,9,0.09%,426.661,0.15%
CD-11980,639.766,22,6,0.03%,-206.7172,-0.07%
CD-12280,1205.584,39,13,0.05%,233.0274,0.08%
CD-12790,1860.732,49,15,0.08%,403.8422,0.14%
CG-12040,904.468,37,9,0.04%,86.5106,0.03%
CG-12520,1148.78,14,5,0.05%,169.9344,0.06%
CH-12070,1537.236,13,4,0.07%,195.1511,0.07%
CJ-11875,16.52,5,1,0.00%,1.652,0.00%
CJ-12010,11164.974,83,20,0.49%,858.7414,0.30%
CK-12205,3154.855,122,32,0.14%,141.2831,0.05%
CK-12325,2945.321,46,12,0.13%,261.2209,0.09%
CK-12595,2372.75,108,25,0.10%,497.7098,0.17%
CK-12760,1582.109,64,14,0.07%,-338.4311,-0.12%
CL-11890,1262.014,24,7,0.05%,328.0847,0.11%
CL-12565,10880.546,106,28,0.47%,1933.7831,0.68%
CL-12700,2353.586,34,8,0.10%,229.0099,0.08%
CM-11815,1673.888,38,10,0.07%,214.463,0.07%
CM-11935,565.392,18,4,0.02%,-43.7324,-0.02%
CM-12115,1661.61,35,7,0.07%,409.0679,0.14%
CM-12160,2533.314,23,7,0.11%,-394.3686,-0.14%
CM-12190,1475.144,21,7,0.06%,91.2033,0.03%
CM-12235,2305.712,28,8,0.10%,365.0387,0.13%
CM-12385,8954.02,34,10,0.39%,3899.8904,1.36%
CM-12445,287.99,32,9,0.01%,64.4296,0.02%
CM-12655,6339.5576,42,10,0.28%,1572.4585,0.55%
CM-12715,3984.4524,57,13,0.17%,176.3108,0.06%
Co-12640,1300.076,30,8,0.06%,205.6282,0.07%
CP-12085,5402.254,57,14,0.24%,427.0258,0.15%
CP-12340,5888.275,59,15,0.26%,-1850.3029,-0.65%
CR-12580,2148.852,32,6,0.09%,74.4013,0.03%
CR-12625,475.9,14,4,0.02%,144.7594,0.05%
CR-12730,1600.55,18,6,0.07%,306.9176,0.11%
CR-12820,1397.8724,26,7,0.06%,83.2703,0.03%
CS-11845,1278.954,22,8,0.06%,185.3776,0.06%
CS-11860,537.632,16,7,0.02%,105.8275,0.04%
CS-11950,3036.547,68,22,0.13%,-126.4223,-0.04%
CS-12130,884.64,28,7,0.04%,143.8339,0.05%
CS-12175,844.458,30,8,0.04%,113.1405,0.04%
CS-12250,2754.216,97,28,0.12%,738.3626,0.26%
CS-12355,3202.162,74,22,0.14%,831.9432,0.29%
CS-12400,3651.8585,47,14,0.16%,-342.8033,-0.12%
CS-12460,550.644,13,6,0.02%,156.2593,0.05%
CS-12490,1077.2285,33,9,0.05%,-302.8761,-0.11%
CS-12505,5690.055,40,9,0.25%,-6626.3895,-2.31%
CT-11995,3241.898,60,18,0.14%,161.2263,0.06%
CV-12295,2830.628,54,13,0.12%,493.0861,0.17%
CV-12805,2370.3136,62,19,0.10%,98.9975,0.03%
CW-11905,1136.592,40,11,0.05%,370.8298,0.13%
CY-12745,2900.026,43,11,0.13%,60.6467,0.02%
DA-13450,156.76,27,8,0.01%,56.7904,0.02%
DB-12910,2171.599,47,12,0.09%,431.3748,0.15%
DB-12970,2839.2272,43,14,0.12%,213.0029,0.07%
DB-13060,4531.646,48,13,0.20%,473.0272,0.17%
DB-13120,2973.094,59,14,0.13%,-1421.7692,-0.50%
DB-13210,2332.577,75,21,0.10%,169.9679,0.06%
DB-13270,4655.897,52,13,0.20%,841.8264,0.29%
DB-13360,1081.466,28,6,0.05%,291.0085,0.10%
DB-13405,1711.692,62,14,0.07%,438.9092,0.15%
DB-13555,3908.8028,61,14,0.17%,109.327,0.04%
DB-13615,1989.05,41,11,0.09%,438.8012,0.15%
DB-13660,1155.202,33,10,0.05%,177.6735,0.06%
DC-12850,3336.168,64,18,0.15%,-1441.6313,-0.50%
DC-13285,1174.618,37,7,0.05%,132.0682,0.05%
DD-13570,269.542,33,9,0.01%,36.4344,0.01%
DE-13255,2550.874,38,9,0.11%,464.4714,0.16%
DF-13135,2390.534,23,6,0.10%,-259.3097,-0.09%
DG-13300,3195.818,39,8,0.14%,562.7761,0.20%
DH-13075,4932.872,81,23,0.21%,1193.7404,0.42%
DH-13675,1043.096,41,11,0.05%,116.667,0.04%
DJ-13420,2012.52,20,5,0.09%,483.035,0.17%
DJ-13510,2501.688,52,13,0.11%,345.2521,0.12%
DJ-13630,3356.398,43,8,0.15%,731.5644,0.26%
DK-12835,3256.48,86,27,0.14%,881.1228,0.31%
DK-12895,4282.176,65,15,0.19%,937.6496,0.33%
DK-12985,1687.04,32,8,0.07%,-107.3538,-0.04%
DK-13090,2650.557,33,13,0.12%,536.3935,0.19%
DK-13150,797.832,20,5,0.03%,249.9447,0.09%
DK-13225,4802.394,70,19,0.21%,209.8994,0.07%
DK-13375,3318.486,77,23,0.14%,377.0799,0.13%
DL-12865,1503.112,51,14,0.07%,322.2449,0.11%
DL-12925,3272.2,43,14,0.14%,4.2132,0.00%
DL-13315,1458.258,74,17,0.06%,288.8732,0.10%
DL-13330,585.02,32,8,0.03%,222.6812,0.08%
DL-13495,3539.322,33,12,0.15%,-52.788,-0.02%
Dl-13600,755.602,19,6,0.03%,175.2388,0.06%
DM-12955,1322.034,28,9,0.06%,108.7583,0.04%
DM-13015,6345.103,87,20,0.28%,1677.3931,0.59%
DM-13345,4074.472,41,13,0.18%,1319.0586,0.46%
DM-13525,1376.792,33,10,0.06%,199.7688,0.07%
DN-13690,2139.79,41,11,0.09%,540.5405,0.19%
DO-13435,1300.0315,48,13,0.06%,-38.9086,-0.01%
DO-13645,1267.316,36,11,0.06%,294.0676,0.10%
DP-13000,1050.636,58,17,0.05%,241.4524,0.08%
DP-13105,2215.002,63,14,0.10%,563.1761,0.20%
DP-13165,1058.616,20,4,0.05%,-40.9376,-0.01%
Dp-13240,7198.761,99,29,0.31%,333.3648,0.12%
DP-13390,5480.724,50,14,0.24%,1571.8318,0.55%
DR-12880,6528.034,103,24,0.28%,1641.8613,0.57%
DR-12940,8350.868,57,13,0.36%,2869.076,1.00%
DS-13030,1762.213,54,19,0.08%,193.3319,0.07%
DS-13180,2881.8128,68,20,0.13%,163.6993,0.06%
DV-13045,1119.483,28,9,0.05%,-427.184,-0.15%
DV-13465,3341.587,62,15,0.15%,353.2127,0.12%
DW-13195,1080.751,39,9,0.05%,-86.8738,-0.03%
DW-13480,5271.628,38,11,0.23%,1348.7556,0.47%
DW-13540,344.08,21,9,0.01%,69.6672,0.02%
DW-13585,1204.854,44,10,0.05%,-266.8966,-0.09%
EA-14035,2846.705,87,25,0.12%,-52.7406,-0.02%
EB-13705,3644.978,55,12,0.16%,13.6215,0.00%
EB-13750,3236.314,91,20,0.14%,-80.286,-0.03%
EB-13840,4358.128,41,8,0.19%,656.1988,0.23%
EB-13870,2767.219,41,11,0.12%,261.5315,0.09%
EB-13930,944.6,24,7,0.04%,0.6042,0.00%
EB-13975,1643.255,18,6,0.07%,162.8781,0.06%
EB-14110,3071.126,30,11,0.13%,184.7656,0.06%
EB-14170,1186.326,20,7,0.05%,282.1701,0.10%
EC-14050,461.914,37,7,0.02%,96.4256,0.03%
ED-13885,3484.92,54,14,0.15%,670.4435,0.23%
EG-13900,1832.02,44,9,0.08%,104.2656,0.04%
EH-13765,10310.88,120,32,0.45%,1393.5154,0.49%
EH-13945,684.171,72,17,0.03%,53.5398,0.02%
EH-13990,825.95,20,8,0.04%,150.3759,0.05%
EH-14005,1219.53,50,11,0.05%,-94.1408,-0.03%
EH-14125,3082.653,76,18,0.13%,96.2702,0.03%
EH-14185,923.884,22,8,0.04%,242.1107,0.08%
EJ-13720,2162.174,31,8,0.09%,387.0176,0.14%
EJ-14155,2656.691,31,8,0.12%,451.8755,0.16%
EK-13795,1303.478,18,4,0.06%,97.1066,0.03%
EL-13735,124.28,9,2,0.01%,27.1154,0.01%
EM-13810,2567.01,23,7,0.11%,-133.8275,-0.05%
EM-13825,2339.598,57,16,0.10%,682.5542,0.24%
EM-13960,933.704,18,6,0.04%,102.296,0.04%
EM-14065,228.99,22,6,0.01%,40.1546,0.01%
EM-14095,1041.042,34,10,0.05%,240.2362,0.08%
EM-14140,4588.436,74,21,0.20%,1319.3655,0.46%
EM-14200,366.822,13,4,0.02%,21.7721,0.01%
EN-13780,2199.366,27,9,0.10%,496.1131,0.17%
EP-13915,5478.0608,124,31,0.24%,144.9578,0.05%
ER-13855,1245.788,27,5,0.05%,-295.7398,-0.10%
ES-14020,3510.458,31,8,0.15%,1003.2935,0.35%
ES-14080,4657.924,77,20,0.20%,246.6661,0.09%
FA-14230,2984.054,58,17,0.13%,520.5229,0.18%
FC-14245,3418.742,50,14,0.15%,1217.1662,0.42%
FC-14335,3889.366,37,10,0.17%,714.2926,0.25%
FG-14260,1383.144,48,11,0.06%,394.7397,0.14%
FH-14275,4256.272,65,21,0.19%,1073.2676,0.37%
FH-14350,2271.284,52,14,0.10%,706.289,0.25%
FH-14365,6987.196,52,13,0.30%,2050.2826,0.72%
FM-14215,2456.638,48,15,0.11%,249.6808,0.09%
FM-14290,3736.198,79,20,0.16%,198.1095,0.07%
FM-14380,2523.266,53,14,0.11%,191.4898,0.07%
FO-14305,2678.438,60,15,0.12%,215.5969,0.08%
FP-14320,4046.746,54,14,0.18%,406.4473,0.14%
FW-14395,79.75,9,3,0.00%,23.4913,0.01%
GA-14515,3919.776,48,14,0.17%,840.899,0.29%
GA-14725,1398.382,79,22,0.06%,136.7079,0.05%
GB-14530,1568.44,62,20,0.07%,7.8371,0.00%
GB-14575,4716.288,63,16,0.21%,1135.8393,0.40%
GD-14590,1888.07,25,6,0.08%,230.9373,0.08%
GG-14650,2224,92,24,0.10%,12.6985,0.00%
GH-14410,2819.467,65,17,0.12%,-576.8335,-0.20%
GH-14425,4172.846,51,10,0.18%,1176.4181,0.41%
GH-14485,1361.244,15,3,0.06%,-95.4498,-0.03%
GH-14665,146.9408,9,3,0.01%,-5.8102,0.00%
GK-14620,6497.27,66,14,0.28%,1448.5525,0.51%
GM-14440,3582.82,43,11,0.16%,347.266,0.12%
GM-14455,3078.624,54,12,0.13%,793.2814,0.28%
GM-14500,1255.682,53,13,0.05%,441.3185,0.15%
GM-14680,3163.628,31,11,0.14%,35.4865,0.01%
GM-14695,6049.966,44,11,0.26%,188.7235,0.07%
GP-14740,236.53,21,5,0.01%,31.8376,0.01%
GR-14560,1284.38,23,5,0.06%,359.8332,0.13%
GT-14635,9351.212,26,6,0.41%,-4108.6589,-1.43%
GT-14710,11820.12,106,29,0.51%,2163.4269,0.76%
GT-14755,226.436,23,7,0.01%,-6.1392,0.00%
GW-14605,2189.019,43,9,0.10%,-268.5423,-0.09%
GZ-14470,4355.15,48,14,0.19%,1087.7539,0.38%
GZ-14545,2454.622,25,5,0.11%,828.661,0.29%
HA-14905,2163.3,45,10,0.09%,270.8574,0.09%
HA-14920,2584.158,72,18,0.11%,99.1445,0.03%
HD-14785,251.36,31,7,0.01%,-135.876,-0.05%
HE-14800,883.532,44,11,0.04%,274.4028,0.10%
HF-14995,2533.164,70,19,0.11%,-13.8768,0.00%
HG-14845,785.628,31,10,0.03%,147.0032,0.05%
HG-14965,3247.642,68,17,0.14%,-2797.9635,-0.98%
HG-15025,3690.284,38,11,0.16%,804.6113,0.28%
HH-15010,218.668,20,6,0.01%,86.7342,0.03%
HJ-14875,358.1,21,6,0.02%,98.6548,0.03%
HK-14890,4877.784,64,15,0.21%,956.9451,0.33%
HL-15040,12873.298,50,11,0.56%,5622.4292,1.96%
HM-14860,8236.7648,76,20,0.36%,2437.9836,0.85%
HM-14980,736.276,29,7,0.03%,117.2755,0.04%
HP-14815,1990.314,44,10,0.09%,373.8637,0.13%
HR-14770,1299.288,38,13,0.06%,185.5794,0.06%
HR-14830,5248.787,51,14,0.23%,1196.9504,0.42%
HW-14935,9300.254,85,20,0.40%,2164.1611,0.76%
HZ-14950,886.52,21,6,0.04%,-130.3879,-0.05%
IG-15085,744.574,19,7,0.03%,320.4982,0.11%
IL-15100,5040.736,60,14,0.22%,1121.937,0.39%
IM-15055,2872.63,19,4,0.13%,975.7701,0.34%
IM-15070,4930.474,93,21,0.21%,514.6527,0.18%
JA-15970,6491.026,87,24,0.28%,-819.4217,-0.29%
JB-15400,1791.605,43,16,0.08%,156.0532,0.05%
JB-15925,900.552,32,8,0.04%,-286.9808,-0.10%
JB-16000,644.1188,32,7,0.03%,126.7649,0.04%
JB-16045,2518.115,32,9,0.11%,201.5185,0.07%
JC-15340,71.263,12,4,0.00%,-0.3556,0.00%
JC-15385,1058.108,14,4,0.05%,502.9244,0.18%
JC-15775,2772.055,64,16,0.12%,279.5692,0.10%
JC-16105,858.576,43,9,0.04%,201.5952,0.07%
JD-15790,2152.352,26,7,0.09%,-266.5525,-0.09%
JD-15895,7610.864,150,32,0.33%,1050.2668,0.37%
JD-16015,385.43,39,11,0.02%,26.7605,0.01%
JD-16060,695.442,17,6,0.03%,111.1141,0.04%
JD-16150,8828.0305,60,17,0.38%,1619.5199,0.57%
JE-15475,1388.682,49,13,0.06%,276.2197,0.10%
JE-15610,7754.976,74,20,0.34%,1623.4019,0.57%
JE-15715,8697.843,97,22,0.38%,1262.2926,0.44%
JE-15745,6760.815,90,23,0.29%,221.7967,0.08%
JE-16165,2697.248,34,7,0.12%,789.6476,0.28%
JF-15190,2279.586,72,19,0.10%,575.1259,0.20%
JF-15295,955.124,42,14,0.04%,97.289,0.03%
JF-15355,1911.844,58,16,0.08%,330.199,0.12%
JF-15415,2371.448,69,14,0.10%,635.6376,0.22%
JF-15490,1082.918,36,15,0.05%,-18.0673,-0.01%
JF-15565,4198.332,67,16,0.18%,1073.2088,0.37%
JG-15115,2358.676,20,7,0.10%,684.1911,0.24%
JG-15160,6366.392,70,18,0.28%,1415.6664,0.49%
JG-15310,2240.58,46,11,0.10%,3.7976,0.00%
JG-15805,1507.018,46,9,0.07%,206.1019,0.07%
JH-15430,309.281,29,7,0.01%,-24.0771,-0.01%
JH-15820,528.91,29,8,0.02%,26.0822,0.01%
JH-15910,959.477,35,9,0.04%,-13.5545,0.00%
JH-15985,7954.998,64,14,0.35%,-644.6982,-0.23%
JH-16180,2256.394,28,5,0.10%,-96.953,-0.03%
JJ-15445,709.178,25,6,0.03%,200.5558,0.07%
JJ-15760,195,11,3,0.01%,34.4492,0.01%
JK-15205,4427.142,67,13,0.19%,1219.983,0.43%
JK-15325,383.812,15,4,0.02%,55.3277,0.02%
JK-15370,2709.632,72,17,0.12%,330.2838,0.12%
JK-15625,3760.028,44,12,0.16%,750.9485,0.26%
JK-15640,4760.434,41,12,0.21%,1172.5303,0.41%
JK-15730,4867.2,88,20,0.21%,55.0483,0.02%
JK-16090,3747.668,43,9,0.16%,586.6625,0.20%
JK-16120,2932.484,49,17,0.13%,122.6566,0.04%
JL-15130,1214.956,42,12,0.05%,-207.7956,-0.07%
JL-15175,1571.523,29,7,0.07%,209.2817,0.07%
JL-15235,2203.7,39,10,0.10%,54.5174,0.02%
JL-15505,3173.874,56,17,0.14%,591.7163,0.21%
JL-15835,9799.923,143,34,0.43%,228.907,0.08%
JL-15850,2725.256,38,11,0.12%,779.9046,0.27%
JM-15250,3159.122,91,19,0.14%,19.8235,0.01%
JM-15265,1804.146,52,13,0.08%,502.6143,0.18%
JM-15535,1733.443,46,10,0.08%,356.5395,0.12%
JM-15580,303.948,26,7,0.01%,113.1204,0.04%
JM-15655,864.947,41,12,0.04%,117.204,0.04%
JM-15865,7625.076,50,13,0.33%,1574.6164,0.55%
JM-16195,2833.926,74,19,0.12%,754.1144,0.26%
JO-15145,3254.949,59,13,0.14%,581.4045,0.20%
JO-15280,1934.272,36,11,0.08%,202.1362,0.07%
JO-15550,1090.838,42,11,0.05%,167.6709,0.06%
JP-15460,1669.135,54,15,0.07%,429.7465,0.15%
JP-15520,3635.594,63,16,0.16%,757.1802,0.26%
JP-16135,1707.71,47,13,0.07%,309.7116,0.11%
JR-15670,1156.658,14,3,0.05%,-785.1645,-0.27%
JR-15700,863.88,3,1,0.04%,107.985,0.04%
JR-16210,2201.686,41,10,0.10%,452.373,0.16%
JS-15595,1417.654,35,8,0.06%,-175.549,-0.06%
JS-15685,1131.064,42,11,0.05%,-54.8692,-0.02%
JS-15880,3868.02,43,9,0.17%,564.9798,0.20%
JS-15940,469.169,37,8,0.02%,-327.9336,-0.11%
JS-16030,2516.494,70,18,0.11%,-311.2575,-0.11%
JW-15220,7721.714,66,14,0.34%,2173.7094,0.76%
JW-15955,1244.086,41,11,0.05%,-29.5759,-0.01%
JW-16075,1428.731,38,7,0.06%,154.0637,0.05%
KA-16525,1519.506,57,11,0.07%,234.9194,0.08%
KB-16240,3152.615,34,10,0.14%,763.9076,0.27%
KB-16315,1569.464,62,22,0.07%,49.7193,0.02%
KB-16405,908.821,25,9,0.04%,274.297,0.10%
KB-16585,2744.742,102,23,0.12%,579.3551,0.20%
KB-16600,983.922,29,9,0.04%,293.5524,0.10%
KC-16255,2120.954,40,10,0.09%,846.1217,0.30%
KC-16540,3908.262,28,5,0.17%,709.4219,0.25%
KC-16675,1146.05,40,7,0.05%,156.7797,0.05%
KD-16270,8282.358,64,16,0.36%,1107.6952,0.39%
KD-16345,1888.964,36,10,0.08%,328.5942,0.11%
KD-16495,8181.256,84,28,0.36%,3038.6254,1.06%
KD-16615,2243.51,56,13,0.10%,539.7219,0.19%
KE-16420,1686.7312,67,15,0.07%,397.8799,0.14%
KF-16285,10604.266,67,18,0.46%,1660.1386,0.58%
KH-16330,3312.864,70,18,0.14%,454.7871,0.16%
KH-16360,3100.612,40,14,0.13%,528.2051,0.18%
KH-16510,5952.859,91,23,0.26%,656.1162,0.23%
KH-16630,3918.966,84,17,0.17%,727.3786,0.25%
KH-16690,5990.799,69,15,0.26%,1227.5091,0.43%
KL-16555,5016.488,84,22,0.22%,-182.7813,-0.06%
KL-16645,14175.229,113,29,0.62%,806.855,0.28%
KM-16225,2260.958,72,19,0.10%,635.1057,0.22%
KM-16375,5620.186,69,20,0.24%,973.7902,0.34%
KM-16660,453.538,30,9,0.02%,91.1391,0.03%
KM-16720,4909.472,98,28,0.21%,745.7685,0.26%
KN-16390,2617.272,56,17,0.11%,-151.1518,-0.05%
KN-16450,2171.962,49,8,0.09%,114.3083,0.04%
KN-16705,2280.58,55,15,0.10%,329.7625,0.12%
KS-16300,88.472,10,4,0.00%,0.111,0.00%
KT-16465,3057.1,45,14,0.13%,254.0032,0.09%
KT-16480,4642.0884,37,13,0.20%,194.0671,0.07%
KW-16435,4416.52,42,10,0.19%,1756.135,0.61%
KW-16570,449.096,22,5,0.02%,107.927,0.04%
LA-16780,8673.222,105,26,0.38%,2059.1199,0.72%
LB-16735,50.188,12,3,0.00%,18.6507,0.01%
LB-16795,4985.676,76,24,0.22%,-52.191,-0.02%
LC-16870,2580.704,113,30,0.11%,-188.2511,-0.07%
LC-16885,7663.126,93,23,0.33%,1288.3469,0.45%
LC-16930,4492.946,52,14,0.20%,288.266,0.10%
LC-16960,3246.626,30,7,0.14%,299.4802,0.10%
LC-17050,2095.064,43,9,0.09%,86.778,0.03%
LC-17140,2633.582,62,19,0.11%,231.1252,0.08%
LD-16855,5.304,3,1,0.00%,0.4641,0.00%
LD-17005,1961.934,25,7,0.09%,557.1714,0.19%
LE-16810,1469.45,32,9,0.06%,161.7649,0.06%
LF-17185,3930.509,69,16,0.17%,-3583.977,-1.25%
LH-16750,287.426,12,3,0.01%,12.6277,0.00%
LH-16900,2295.332,64,15,0.10%,526.0727,0.18%
LH-17020,318.239,34,6,0.01%,-242.7399,-0.08%
LH-17155,1739.689,44,19,0.08%,316.5202,0.11%
LL-16840,2741.204,50,12,0.12%,560.0078,0.20%
LM-17065,1346.774,32,7,0.06%,-44.878,-0.02%
LO-17170,644.35,34,9,0.03%,150.1712,0.05%
LP-17080,756.606,39,9,0.03%,110.7813,0.04%
LP-17095,3653.399,52,15,0.16%,338.4454,0.12%
LR-16915,5142.892,64,16,0.22%,535.4764,0.19%
LR-17035,1879.306,44,12,0.08%,-382.8079,-0.13%
LS-16945,2845.27,51,14,0.12%,-318.7737,-0.11%
LS-16975,2988.674,63,22,0.13%,262.6367,0.09%
LS-17200,1010.256,54,14,0.04%,244.197,0.09%
LS-17230,368.88,16,6,0.02%,39.1952,0.01%
LS-17245,1008.136,47,12,0.04%,348.3584,0.12%
LT-16765,329.876,8,3,0.01%,59.036,0.02%
LT-17110,2936.252,63,14,0.13%,320.973,0.11%
LW-16825,2238.061,50,15,0.10%,32.5767,0.01%
LW-16990,3230.308,38,11,0.14%,662.8339,0.23%
LW-17125,1259.04,15,5,0.05%,192.6312,0.07%
LW-17215,5420.514,59,15,0.24%,837.2411,0.29%
MA-17560,4299.161,117,34,0.19%,1240.2266,0.43%
MA-17995,2453.284,42,12,0.11%,280.7822,0.10%
MB-17305,1548.702,63,19,0.07%,212.425,0.07%
MB-18085,1428.231,39,10,0.06%,117.8057,0.04%
MC-17275,2725.982,54,13,0.12%,461.0014,0.16%
MC-17425,4432.138,48,10,0.19%,1802.3903,0.63%
MC-17575,1303.893,40,11,0.06%,210.7493,0.07%
MC-17590,2426.067,47,17,0.11%,288.9841,0.10%
MC-17605,2258.192,60,18,0.10%,195.4486,0.07%
MC-17635,795.154,33,8,0.03%,-247.9435,-0.09%
MC-17845,3805.714,45,14,0.17%,698.4174,0.24%
MC-18100,2218.98,73,19,0.10%,-64.1668,-0.02%
MC-18130,1581.998,34,11,0.07%,121.7565,0.04%
MD-17350,3766.382,64,17,0.16%,-241.95,-0.08%
MD-17860,1204.91,45,8,0.05%,-4.0403,0.00%
ME-17320,10663.728,82,22,0.46%,1859.4695,0.65%
ME-17725,1908.4532,46,13,0.08%,77.8128,0.03%
ME-18010,1256.944,15,6,0.05%,107.3604,0.04%
MF-17665,937.039,36,8,0.04%,-341.5265,-0.12%
MF-18250,1758.3,38,12,0.08%,456.8608,0.16%
MG-17650,3785.276,57,14,0.16%,341.898,0.12%
MG-17680,2350.188,25,10,0.10%,25.8886,0.01%
MG-17695,1342.282,23,7,0.06%,-398.7932,-0.14%
MG-17875,1242.833,23,7,0.05%,-470.7684,-0.16%
MG-17890,776.384,35,13,0.03%,171.7372,0.06%
MG-18145,3061.543,42,8,0.13%,-93.603,-0.03%
MG-18205,16.739,8,2,0.00%,-1.2453,0.00%
MH-17290,2394.025,55,13,0.10%,28.7612,0.01%
MH-17440,400.016,25,9,0.02%,61.4286,0.02%
MH-17455,2456.182,45,11,0.11%,484.7733,0.17%
MH-17620,1252.8,19,6,0.05%,122.3612,0.04%
MH-17785,2203.778,42,11,0.10%,238.5614,0.08%
MH-18025,2984.948,31,10,0.13%,476.9032,0.17%
MH-18115,5503.093,79,22,0.24%,170.9746,0.06%
MJ-17740,6320.746,50,15,0.28%,1054.5529,0.37%
MK-17905,2302.368,73,17,0.10%,-405.3559,-0.14%
MK-18160,1031.602,43,11,0.04%,227.8338,0.08%
ML-17395,2722.843,72,20,0.12%,684.9162,0.24%
ML-17410,2921.5,51,15,0.13%,-76.1755,-0.03%
ML-17755,2071.914,53,13,0.09%,409.5112,0.14%
ML-18040,742.082,18,4,0.03%,138.7162,0.05%
ML-18265,162.232,7,3,0.01%,42.6648,0.01%
MM-17260,1314.023,17,6,0.06%,178.402,0.06%
MM-17920,3794.08,68,16,0.17%,82.125,0.03%
MM-18055,2749.881,73,19,0.12%,-520.3443,-0.18%
MM-18280,775.414,32,12,0.03%,58.8916,0.02%
MN-17935,2477.946,36,10,0.11%,290.8227,0.10%
MO-17500,922.487,15,5,0.04%,59.3577,0.02%
MO-17800,1687.027,49,11,0.07%,169.3437,0.06%
MO-17950,154.288,14,4,0.01%,-82.0074,-0.03%
MP-17470,3206.132,77,14,0.14%,600.2873,0.21%
MP-17965,3983.642,62,20,0.17%,638.1563,0.22%
MP-18175,5087.92,78,19,0.22%,226.4529,0.08%
MR-17545,639.178,29,6,0.03%,162.9363,0.06%
MS-17365,7443.69,105,24,0.32%,844.9355,0.30%
MS-17530,475.656,21,7,0.02%,84.0268,0.03%
MS-17710,1613.402,48,15,0.07%,247.4348,0.09%
MS-17770,3144.678,73,19,0.14%,280.8584,0.10%
MS-17830,370.348,14,5,0.02%,19.4312,0.01%
MS-17980,855.116,49,11,0.04%,55.226,0.02%
MT-17815,2890.139,31,10,0.13%,509.0068,0.18%
MT-18070,1319.4498,44,11,0.06%,-23.6763,-0.01%
MV-17485,1560.05,52,15,0.07%,189.0258,0.07%
MV-18190,1734.574,37,11,0.08%,273.8582,0.10%
MW-18220,5341.9,51,14,0.23%,1238.422,0.43%
MW-18235,5253.876,13,3,0.23%,1665.516,0.58%
MY-17380,2254.285,49,13,0.10%,319.1211,0.11%
MY-18295,4152.696,89,21,0.18%,-371.7111,-0.13%
MZ-17335,593.606,11,6,0.03%,85.0191,0.03%
MZ-17515,2564.906,39,10,0.11%,787.7503,0.28%
NB-18580,273.872,7,2,0.01%,24.7888,0.01%
NB-18655,1972.599,64,17,0.09%,117.6429,0.04%
NC-18340,2461.404,54,17,0.11%,580.3075,0.20%
NC-18415,2218.99,38,14,0.10%,-2204.8072,-0.77%
NC-18535,8241.739,64,15,0.36%,1314.758,0.46%
NC-18625,1821.742,29,9,0.08%,-359.021,-0.13%
ND-18370,4326.139,63,18,0.19%,353.6455,0.12%
ND-18460,2893.455,36,8,0.13%,443.3368,0.15%
NF-18385,8322.826,52,14,0.36%,-1695.9714,-0.59%
NF-18475,377.162,13,4,0.02%,85.9278,0.03%
NF-18595,2031.472,55,12,0.09%,388.2131,0.14%
NG-18355,1869.58,45,16,0.08%,313.6335,0.11%
NG-18430,1395.938,41,9,0.06%,217.0893,0.08%
NH-18610,2673.29,52,11,0.12%,760.1666,0.27%
NK-18490,572.048,51,11,0.02%,121.2177,0.04%
NL-18310,1418.09,44,10,0.06%,343.6381,0.12%
NM-18445,6459.344,44,14,0.28%,2751.6849,0.96%
NM-18520,2161.979,60,15,0.09%,788.9525,0.28%
NP-18325,5529.62,77,21,0.24%,1208.889,0.42%
NP-18670,3908.402,46,10,0.17%,514.6002,0.18%
NP-18685,1228.698,23,7,0.05%,514.5017,0.18%
NP-18700,7903.1825,63,13,0.34%,631.2282,0.22%
NR-18550,2367.277,37,13,0.10%,-25.1488,-0.01%
NS-18505,2575.863,52,15,0.11%,-12.304,0.00%
NS-18640,2964.823,113,26,0.13%,-234.7714,-0.08%
NW-18400,7234.014,78,22,0.31%,1023.123,0.36%
NZ-18565,2488.31,77,20,0.11%,402.4236,0.14%
ON-18715,1567.52,58,15,0.07%,-5.889,0.00%
OT-18730,3818.624,51,10,0.17%,-925.1203,-0.32%
PA-19060,729.408,27,7,0.03%,225.8588,0.08%
PB-18805,740.356,54,10,0.03%,229.2257,0.08%
PB-19105,688.324,18,5,0.03%,218.1597,0.08%
PB-19150,1456.95,54,11,0.06%,280.6606,0.10%
PB-19210,132.738,10,2,0.01%,21.897,0.01%
PC-18745,1832.064,22,5,0.08%,272.685,0.10%
PC-19000,1061.488,18,3,0.05%,-184.3364,-0.06%
PF-19120,9062.864,75,19,0.39%,-614.2943,-0.21%
PF-19165,2770,34,10,0.12%,196.8739,0.07%
PF-19225,2206.128,32,10,0.10%,591.3118,0.21%
PG-18820,3086.907,83,26,0.13%,137.4613,0.05%
PG-18895,1987.164,61,17,0.09%,334.5163,0.12%
PH-18790,729.648,6,2,0.03%,47.8878,0.02%
PJ-18835,1220.09,46,13,0.05%,442.1355,0.15%
PJ-19015,1824.234,25,10,0.08%,682.9979,0.24%
PK-18910,1441.152,14,3,0.06%,-798.705,-0.28%
PK-19075,8646.934,107,25,0.38%,2038.2676,0.71%
PL-18925,239.481,29,8,0.01%,-0.7527,0.00%
PM-18940,1405.402,16,4,0.06%,157.8768,0.06%
PM-19135,4115.662,36,7,0.18%,526.7537,0.18%
PN-18775,1467.152,47,13,0.06%,192.0396,0.07%
PO-18850,7473.8282,91,22,0.33%,38.4757,0.01%
PO-18865,2493.214,54,13,0.11%,437.8533,0.15%
PO-19180,4893.043,65,18,0.21%,1155.4331,0.40%
PO-19195,1056.858,32,10,0.05%,-49.7009,-0.02%
PP-18955,7252.608,138,34,0.32%,1495.0854,0.52%
PR-18880,1840.178,43,12,0.08%,247.6226,0.09%
PS-18760,2181.479,75,21,0.09%,-134.441,-0.05%
PS-18970,1278.639,52,13,0.06%,198.5099,0.07%
PS-19045,6843.634,47,13,0.30%,1742.7297,0.61%
PT-19090,160.572,19,7,0.01%,-20.0508,-0.01%
PV-18985,2876.046,52,13,0.13%,434.5284,0.15%
PW-19030,3454.916,48,13,0.15%,803.8169,0.28%
PW-19240,3922.415,39,12,0.17%,1290.354,0.45%
QJ-19255,6108.338,61,13,0.27%,1203.6768,0.42%
RA-19285,2617.906,58,17,0.11%,546.0882,0.19%
RA-19885,3832.314,53,15,0.17%,1292.8656,0.45%
RA-19915,4793.543,75,22,0.21%,304.8673,0.11%
RA-19945,1686.9225,27,9,0.07%,-445.695,-0.16%
RB-19330,1008.196,16,6,0.04%,-164.4062,-0.06%
RB-19360,15117.339,71,18,0.66%,6976.0959,2.44%
RB-19435,2663.086,66,16,0.12%,477.2399,0.17%
RB-19465,4715.466,85,23,0.21%,640.5466,0.22%
RB-19570,528.546,35,9,0.02%,76.8879,0.03%
RB-19645,221.084,29,7,0.01%,72.679,0.03%
RB-19705,2067.45,22,7,0.09%,243.0755,0.08%
RB-19795,5633.316,92,18,0.25%,-461.7332,-0.16%
RC-19825,966.409,29,10,0.04%,63.9914,0.02%
RC-19960,885.752,44,11,0.04%,10.5633,0.00%
RD-19480,4272.93,60,15,0.19%,480.594,0.17%
RD-19585,2912.894,73,19,0.13%,734.5158,0.26%
RD-19660,2786.632,23,5,0.12%,835.772,0.29%
RD-19720,1419.737,78,20,0.06%,207.3304,0.07%
RD-19810,1137.616,63,16,0.05%,318.4625,0.11%
RD-19900,3133.924,85,21,0.14%,455.5292,0.16%
RD-19930,970.942,33,10,0.04%,35.0574,0.01%
RE-19405,48.36,5,1,0.00%,6.045,0.00%
RE-19450,876.696,47,9,0.04%,209.2294,0.07%
RF-19345,3309.15,67,16,0.14%,633.7072,0.22%
RF-19735,2341.296,53,14,0.10%,711.6168,0.25%
RF-19840,945.222,45,11,0.04%,280.0261,0.10%
RH-19495,3621.376,38,8,0.16%,563.7877,0.20%
RH-19510,6979.18,43,12,0.30%,1289.4535,0.45%
RH-19555,740.382,11,3,0.03%,0.3057,0.00%
RH-19600,2085.74,43,11,0.09%,172.6261,0.06%
RK-19300,1460.192,29,8,0.06%,269.688,0.09%
RL-19615,6234.91,101,24,0.27%,488.1484,0.17%
RM-19375,1453.474,29,9,0.06%,392.1499,0.14%
RM-19675,5979.096,39,11,0.26%,1902.5438,0.66%
RM-19750,98.35,4,2,0.00%,28.6879,0.01%
RO-19780,3815.478,48,12,0.17%,-1262.5716,-0.44%
RP-19270,954.6452,47,12,0.04%,59.5384,0.02%
RP-19390,5153.084,88,25,0.22%,465.2503,0.16%
RP-19855,2170.716,61,15,0.09%,594.5868,0.21%
RR-19315,615.932,7,4,0.03%,-73.835,-0.03%
RR-19525,3302.262,36,10,0.14%,721.6826,0.25%
RS-19420,3221.29,29,9,0.14%,633.4514,0.22%
RS-19765,4159.77,54,14,0.18%,1206.3851,0.42%
RS-19870,22.328,10,3,0.00%,9.5838,0.00%
RW-19540,7397.401,89,23,0.32%,1586.6273,0.55%
RW-19630,3279.746,53,16,0.14%,698.8325,0.24%
RW-19690,3495.646,61,15,0.15%,707.5503,0.25%
SA-20830,4767.3415,75,21,0.21%,610.1496,0.21%
SB-20170,1348.02,24,7,0.06%,157.6658,0.06%
SB-20185,6410.996,45,12,0.28%,885.4624,0.31%
SB-20290,8057.891,84,17,0.35%,-2082.7451,-0.73%
SC-20020,3362.9636,62,17,0.15%,-317.0508,-0.11%
SC-20050,4624.572,61,15,0.20%,1011.7443,0.35%
SC-20095,14142.334,87,22,0.62%,5757.4119,2.01%
SC-20230,4371.958,49,11,0.19%,440.141,0.15%
SC-20260,3729.793,63,18,0.16%,671.0034,0.23%
SC-20305,3979.065,64,12,0.17%,229.1617,0.08%
SC-20380,5992.536,80,20,0.26%,236.6615,0.08%
SC-20440,1874.998,44,10,0.08%,379.5611,0.13%
SC-20575,902.728,30,7,0.04%,100.2253,0.03%
SC-20680,1254.64,26,8,0.05%,370.1578,0.13%
SC-20695,2576.408,66,14,0.11%,611.8291,0.21%
SC-20725,5226.21,133,26,0.23%,1276.6513,0.45%
SC-20770,4492.657,75,21,0.20%,-671.1874,-0.23%
SC-20800,279.256,11,5,0.01%,51.8252,0.02%
SC-20845,280.632,13,4,0.01%,31.1757,0.01%
SD-20485,6121.114,82,21,0.27%,1985.1672,0.69%
SE-20110,12209.438,78,19,0.53%,2650.6769,0.93%
SF-20065,763.546,35,9,0.03%,228.1623,0.08%
SF-20200,3422.786,74,15,0.15%,286.9046,0.10%
SF-20965,3336.535,66,17,0.15%,539.9352,0.19%
SG-20080,3406.581,30,11,0.15%,570.438,0.20%
SG-20470,1884.798,62,14,0.08%,-119.0105,-0.04%
SG-20605,3124.832,49,13,0.14%,463.269,0.16%
SG-20890,47.946,17,5,0.00%,-3.7073,0.00%
SH-19975,3406.8395,113,29,0.15%,558.474,0.19%
SH-20395,2180.718,45,15,0.09%,-144.5229,-0.05%
SH-20635,2096.392,16,2,0.09%,260.6258,0.09%
SJ-20125,3949.656,104,24,0.17%,144.1189,0.05%
SJ-20215,1341.036,35,10,0.06%,-23.5137,-0.01%
SJ-20500,1318.776,30,7,0.06%,68.0963,0.02%
SK-19990,883.409,19,5,0.04%,168.7933,0.06%
SL-20155,3053.012,30,9,0.13%,527.9715,0.18%
SM-20005,244.494,26,6,0.01%,-26.5927,-0.01%
SM-20320,25043.05,50,15,1.09%,-1980.7393,-0.69%
SM-20905,1043.041,20,6,0.05%,-237.2885,-0.08%
SM-20950,5563.392,94,22,0.24%,581.5742,0.20%
SN-20560,1860.418,67,15,0.08%,-716.8565,-0.25%
SN-20710,3127.9592,89,19,0.14%,481.7499,0.17%
SO-20335,2602.5755,52,15,0.11%,-81.0858,-0.03%
SP-20545,1306.086,43,10,0.06%,-118.7757,-0.04%
SP-20620,5440.319,77,24,0.24%,-270.4282,-0.09%
SP-20650,1872.436,71,15,0.08%,268.4782,0.09%
SP-20860,4282.94,80,24,0.19%,566.7226,0.20%
SP-20920,3990.689,57,14,0.17%,14.6924,0.01%
SR-20425,3233.481,34,9,0.14%,-3333.9144,-1.16%
SR-20740,4345.886,50,12,0.19%,1990.4244,0.69%
SS-20140,1324.028,86,21,0.06%,332.3487,0.12%
SS-20410,3056.807,46,12,0.13%,-1010.9738,-0.35%
SS-20515,613.4,36,6,0.03%,199.9345,0.07%
SS-20590,418.49,17,9,0.02%,135.5401,0.05%
SS-20875,964.636,39,15,0.04%,-75.586,-0.03%
ST-20530,433.34,33,12,0.02%,84.4419,0.03%
SU-20665,2595.364,61,18,0.11%,763.4719,0.27%
SV-20365,11470.95,109,32,0.50%,1199.4242,0.42%
SV-20785,4105.305,91,25,0.18%,485.0272,0.17%
SV-20815,1271.09,24,6,0.06%,199.6502,0.07%
SV-20935,1903.491,66,13,0.08%,106.8912,0.04%
SW-20245,1085.078,33,10,0.05%,-19.6062,-0.01%
SW-20275,1966.65,28,7,0.09%,332.8725,0.12%
SW-20350,1019.044,25,6,0.04%,95.8383,0.03%
SW-20455,2921.544,18,9,0.13%,793.6548,0.28%
SW-20755,758.696,27,8,0.03%,68.2416,0.02%
SZ-20035,3625.329,69,20,0.16%,366.4303,0.13%
TA-21385,14595.62,36,10,0.64%,4703.7883,1.64%
TB-21055,1467.881,66,18,0.06%,390.2113,0.14%
TB-21175,3589.296,36,11,0.16%,829.1635,0.29%
TB-21190,816.174,23,4,0.04%,179.0038,0.06%
TB-21250,1602.376,74,19,0.07%,260.6155,0.09%
TB-21280,2198.45,35,11,0.10%,490.9567,0.17%
TB-21355,834.328,44,13,0.04%,268.967,0.09%
TB-21400,9133.99,55,17,0.40%,2798.3689,0.98%
TB-21520,4737.486,85,20,0.21%,-1603.0451,-0.56%
TB-21595,1387.559,29,7,0.06%,-136.4091,-0.05%
TB-21625,2797.668,60,15,0.12%,379.882,0.13%
TC-20980,19052.218,42,12,0.83%,8981.3239,3.14%
TC-21145,1038.26,17,4,0.05%,265.5332,0.09%
TC-21295,4266.812,63,16,0.19%,606.3727,0.21%
TC-21475,1244.976,45,11,0.05%,119.104,0.04%
TC-21535,742.558,28,10,0.03%,217.933,0.08%
TD-20995,1434.548,67,16,0.06%,88.1897,0.03%
TG-21310,3058.372,30,9,0.13%,682.1704,0.24%
TG-21640,2074.661,50,10,0.09%,365.7205,0.13%
TH-21100,2422.824,29,7,0.11%,-135.2125,-0.05%
TH-21115,2942.772,29,9,0.13%,-252.5539,-0.09%
TH-21235,1022.201,40,13,0.04%,92.729,0.03%
TH-21550,4234.096,44,13,0.18%,-571.9678,-0.20%
TM-21010,2955.226,67,19,0.13%,573.3013,0.20%
TM-21490,1094.678,12,4,0.05%,292.521,0.10%
TN-21040,3130.221,48,12,0.14%,-692.0452,-0.24%
TP-21130,4454.056,55,16,0.19%,1129.1261,0.39%
TP-21415,5329.0048,39,10,0.23%,-1087.3898,-0.38%
TP-21565,1936.64,48,10,0.08%,139.2287,0.05%
TR-21325,675.942,22,7,0.03%,220.3644,0.08%
TS-21085,4.833,4,2,0.00%,-3.3156,0.00%
TS-21160,2163.624,60,17,0.09%,260.8744,0.09%
TS-21205,5371.09,67,19,0.23%,862.8877,0.30%
TS-21340,974.782,51,12,0.04%,-184.9789,-0.06%
TS-21370,11891.751,59,15,0.52%,2371.7144,0.83%
TS-21430,2054.14,31,7,0.09%,48.7017,0.02%
TS-21505,2243.274,54,14,0.10%,11.3779,0.00%
TS-21610,2820.424,44,11,0.12%,-294.6981,-0.10%
TS-21655,3368.094,52,14,0.15%,220.9163,0.08%
TT-21070,4915.602,66,14,0.21%,751.9567,0.26%
TT-21220,1427.044,55,15,0.06%,278.7371,0.10%
TT-21265,439.5,8,3,0.02%,93.9162,0.03%
TT-21460,5364.808,48,14,0.23%,1124.4999,0.39%
TW-21025,5278.826,57,12,0.23%,737.3905,0.26%
TZ-21580,1707.286,30,9,0.07%,224.8887,0.08%
VB-21745,2005.596,37,10,0.09%,371.2398,0.13%
VD-21670,6442.254,71,16,0.28%,1617.7874,0.56%
VF-21715,847.944,35,11,0.04%,-96.278,-0.03%
VG-21790,846.01,32,8,0.04%,143.6268,0.05%
VG-21805,427.372,16,6,0.02%,-52.333,-0.02%
VM-21685,2454.866,37,12,0.11%,513.5269,0.18%
VM-21835,380.69,25,8,0.02%,116.6373,0.04%
VP-21730,993.902,18,5,0.04%,205.3888,0.07%
VP-21760,3360.526,65,14,0.15%,-1018.7768,-0.36%
VS-21820,1055.981,38,8,0.05%,-262.8093,-0.09%
VT-21700,1736.596,42,9,0.08%,-224.0889,-0.08%
VW-21775,6134.038,77,18,0.27%,-874.6645,-0.31%
WB-21850,6160.102,146,37,0.27%,714.3311,0.25%
XP-21865,2374.658,100,28,0.10%,621.23,0.22%
YC-21895,5454.35,31,8,0.24%,1305.629,0.46%
YS-21880,6720.444,58,12,0.29%,1778.2923,0.62%
ZC-21910,8025.707,105,31,0.35%,-1032.149,-0.36%
ZD-21925,1493.944,32,9,0.07%,249.1307,0.09%
Grand Total,2297200.86,37873,9994,100.00%,286397.0217,100.00%
